year,budget
2009,237000000
2007,300000000
2015,245000000
2012,250000000
2012,263700000
2007,258000000
2010,260000000
2015,250000000
2009,250000000
2016,250000000
2006,209000000
2008,200000000
2006,225000000
2013,215000000
2013,225000000
2008,225000000
2012,220000000
2011,250000000
2012,225000000
2014,250000000
2012,230000000
2010,200000000
2013,225000000
2007,180000000
2005,207000000
1997,200000000
2016,250000000
2012,209000000
2015,150000000
2012,200000000
2004,200000000
2013,200000000
2010,200000000
2006,210000000
2013,200000000
2009,200000000
2014,210000000
2013,215000000
2014,200000000
2010,170000000
2011,200000000
2011,200000000
2010,200000000
2009,200000000
2015,190000000
2013,190000000
2014,200000000
2013,190000000
2013,195000000
2013,105000000
2010,200000000
2013,190000000
2011,195000000
2008,185000000
2012,185000000
2016,185000000
2008,180000000
2007,140000000
2009,200000000
2009,200000000
2015,176000000
2016,180000000
2005,180000000
2016,178000000
2008,185000000
2009,175000000
2009,175000000
2008,140000000
2011,170000000
1999,170000000
2008,145000000
2016,175000000
2007,175000000
2014,178000000
1995,175000000
2009,175000000
2015,175000000
2016,175000000
2010,200000000
2012,170000000
2014,180000000
2014,170000000
2013,175000000
2014,170000000
2010,165000000
2015,190000000
2014,165000000
2012,165000000
2004,165000000
2016,165000000
2010,165000000
2003,200000000
2014,170000000
2014,165000000
2010,160000000
2012,180000000
2001,38000000
2008,150000000
2011,160000000
2015,160000000
2010,150000000
2006,160000000
2016,170000000
2007,160000000
2016,160000000
2015,155000000
2010,155000000
2001,140000000
2007,150000000
2004,155000000
2007,150000000
2005,150000000
2008,150000000
2007,150000000
2005,150000000
2007,150000000
2005,150000000
2008,150000000
2009,150000000
2009,150000000
2003,150000000
2013,150000000
2003,150000000
2013,170000000
2015,150000000
2009,150000000
2011,150000000
2008,150000000
2009,150000000
2012,150000000
2012,100000000
2015,150000000
2010,150000000
2016,180000000
2007,150000000
2011,150000000
2010,150000000
2006,150000000
2013,150000000
2011,150000000
2006,149000000
2015,150000000
2014,145000000
2004,175000000
2012,145000000
2002,142000000
2016,144000000
1998,140000000
2002,140000000
2007,150000000
2016,145000000
2011,145000000
2012,145000000
2005,100000000
2003,140000000
2014,140000000
2009,150000000
2002,139000000
2014,145000000
2016,140000000
2005,135000000
2009,130000000
1998,140000000
2003,137000000
2013,130000000
2005,130000000
2001,137000000
2011,140000000
1999,135000000
2003,150000000
2012,120000000
2011,135000000
2008,150000000
2016,140000000
2015,135000000
2013,135000000
2011,135000000
2014,132000000
2007,110000000
2008,130000000
2015,130000000
2013,130000000
2012,120000000
2015,135000000
2005,132000000
2003,130000000
2011,130000000
2010,110000000
2014,125000000
2011,135000000
2004,130000000
2008,130000000
2013,130000000
2000,127500000
2014,127000000
2010,130000000
2001,125000000
2013,130000000
2003,140000000
2014,125000000
2006,125000000
2014,103000000
2003,110000000
2011,125000000
2011,125000000
2010,125000000
1990,65000000
1999,85000000
2012,125000000
1997,125000000
2000,123000000
2004,125000000
2000,125000000
2000,140000000
2007,130000000
2012,120000000
2007,110000000
2016,120000000
2003,120000000
2012,130000000
2002,120000000
2013,115000000
2004,105000000
2014,100000000
2008,120000000
2010,120000000
2010,117000000
2013,120000000
2005,113000000
2002,115000000
2001,115000000
2013,120000000
1999,115000000
2013,135000000
2008,78000000
2002,115000000
2016,115000000
2014,125000000
2013,100000000
1997,116000000
2016,135000000
2015,120000000
2006,110000000
2015,110000000
1997,110000000
2000,110000000
2004,110000000
2005,120000000
2015,110000000
2004,110000000
2010,112000000
2011,120000000
2014,110000000
2011,110000000
2004,110000000
2016,110000000
2011,110000000
2013,105000000
1997,160000000
2013,110000000
2007,110000000
2001,93000000
2004,110000000
2001,107000000
2003,109000000
2004,120000000
2005,130000000
1999,133000000
2009,105000000
2015,108000000
2005,126000000
2001,90000000
2000,90000000
2000,103000000
2002,102000000
2002,100000000
2006,150000000
2001,100000000
1991,102000000
2009,100000000
2007,100000000
1994,115000000
2009,100000000
2010,100000000
2010,100000000
1996,100000000
2012,100000000
1996,100000000
2000,100000000
2012,92000000
2004,100000000
2006,100000000
2009,100000000
2015,150000000
2013,100000000
2010,100000000
1999,83000000
2006,100000000
2013,100000000
1995,100000000
1997,105000000
2012,102000000
2010,80000000
2004,100000000
2014,100000000
2002,140000000
2009,100000000
2014,90000000
2015,105000000
2005,84000000
2015,100000000
2002,100000000
2010,100000000
2015,99000000
1997,10000000
2001,98000000
2002,100000000
2011,94000000
2007,100000000
2004,90000000
2001,92000000
2012,95000000
1997,93000000
2010,100000000
2000,95000000
2012,95000000
2015,95000000
2009,65000000
2003,94000000
2003,94000000
2002,94000000
2014,95000000
2001,115000000
2014,100000000
2001,93000000
2011,93000000
2008,90000000
2013,92000000
2004,107000000
2004,92000000
1995,98000000
2010,95000000
1997,90000000
1999,90000000
2010,100000000
2001,90000000
2000,100000000
2009,100000000
2009,90000000
2013,90000000
2000,92000000
2006,90000000
1998,90000000
2008,92000000
2011,90000000
1995,90000000
2009,90000000
2001,120000000
2015,90000000
2008,75000000
2008,90000000
2015,88000000
2001,100000000
2003,90000000
1997,90000000
2000,95000000
2005,80000000
2013,90000000
2003,95000000
2016,90000000
1997,68000000
2001,92000000
2000,90000000
2011,90000000
1999,100000000
1997,90000000
1997,86000000
2002,100000000
2015,120000000
1982,20000000
2005,88000000
2010,90000000
2003,87000000
1996,92000000
2001,38000000
2000,90000000
2006,100000000
2004,75000000
1997,85000000
2001,85000000
2011,75000000
2012,85000000
2007,85000000
2012,85000000
2000,85000000
2011,75000000
2006,85000000
1998,90000000
2009,85000000
2007,85000000
2006,85000000
2014,85000000
2001,68000000
2003,85000000
1993,70000000
2005,85000000
2006,85000000
2011,100000000
1998,90000000
2002,85000000
2012,85000000
2010,60000000
2003,60000000
2000,65000000
2002,84000000
2012,35000000
2006,70000000
1982,8000000
2010,85000000
2008,85000000
2008,85000000
2007,65000000
2000,82000000
2003,81000000
2010,80000000
1996,80000000
2012,78000000
2011,80000000
1992,80000000
2006,80000000
2002,80000000
1998,75000000
2013,84000000
2005,82000000
2011,75000000
2013,80000000
2008,80000000
2003,80000000
2010,80000000
2008,80000000
2005,75000000
1997,80000000
2008,80000000
2002,80000000
2011,80000000
1997,75000000
2008,80000000
2003,79000000
2010,80000000
1997,80000000
1999,80000000
1996,80000000
2006,65000000
2008,80000000
1997,75000000
2014,68000000
1998,70000000
2010,80000000
2002,80000000
2011,80000000
1998,80000000
2004,80000000
2015,80000000
1999,80000000
2002,80000000
1998,90000000
2001,80000000
2005,75000000
1998,85000000
2000,80000000
2005,88000000
1996,70000000
2009,80000000
2000,80000000
1996,80000000
2013,80000000
2000,44000000
2003,80000000
2009,80000000
2003,80000000
1997,80000000
1998,80000000
2015,90000000
2000,70000000
2006,86000000
2009,40000000
2005,52000000
2014,80000000
2015,8000000
2001,58000000
1994,45000000
2012,79000000
2013,78000000
2002,78000000
2004,100000000
2011,79000000
2003,76000000
2015,81200000
2007,80000000
2000,76000000
2016,75000000
2003,78000000
2013,76000000
1996,75000000
1997,73000000
2005,75000000
2006,76000000
2000,75000000
2008,75000000
1996,75000000
2006,80000000
2004,75000000
2007,75000000
2004,50000000
1999,75000000
2013,75000000
2010,80000000
2004,60000000
2009,35000000
2000,75000000
2007,75000000
2004,75000000
2006,70000000
2005,53000000
2005,70000000
2003,70000000
2010,75000000
2015,75000000
2004,80000000
2006,75000000
2001,80000000
1995,55000000
1999,75000000
2011,75000000
2005,52000000
2000,75000000
2003,75000000
1998,75000000
2001,75000000
2004,45000000
2000,75000000
2015,74000000
2011,82000000
1998,69000000
1998,75000000
2016,73000000
2008,70000000
2009,75000000
2007,70000000
2006,73000000
2001,72000000
1995,72000000
2005,70000000
2007,75000000
2001,72000000
2001,72000000
2004,59660000
2004,60000000
1998,71500000
2002,72000000
2004,150000000
2006,120000000
1999,70000000
2002,70000000
2015,74000000
1996,80000000
2009,75000000
1991,70000000
2014,100000000
1990,70000000
2003,80000000
2001,68000000
2006,70000000
2004,60000000
2009,75000000
2002,75000000
2013,70000000
1998,58000000
2011,70000000
2003,70000000
1994,70000000
2011,66000000
2014,70000000
1989,69500000
2010,70000000
2014,70000000
1998,70000000
2007,70000000
1997,70000000
2011,70000000
2002,70000000
2005,60000000
2002,70000000
2012,70000000
2012,75000000
2002,60000000
2011,35000000
2002,70000000
2002,70000000
1998,70000000
2001,70000000
2013,70000000
2015,70000000
2004,70000000
2006,70000000
2013,50000000
2014,70000000
2002,68000000
2010,68000000
2001,68000000
2010,69000000
1995,68000000
2015,68000000
2009,70000000
1999,65000000
2011,36000000
1999,68000000
2008,70000000
2012,69000000
1999,66000000
1998,66000000
2007,35000000
1998,70000000
2014,66000000
2000,70000000
2002,59000000
2003,68000000
2012,65000000
1999,63000000
1995,62000000
1990,65000000
2002,60000000
2012,61000000
1998,65000000
2008,65000000
1998,65000000
2010,65000000
2014,65000000
2000,65000000
1993,70000000
1996,50000000
2000,60000000
2006,63000000
2003,65000000
2012,65000000
1999,65000000
2014,65000000
2015,50100000
2012,65000000
2004,65000000
1984,16900000
1998,65000000
2012,65000000
2008,45000000
1996,65000000
2000,65000000
2005,65000000
1999,63000000
2006,65000000
1991,70000000
2000,65000000
2014,65000000
2005,50000000
2005,43000000
2014,65000000
1999,64000000
2015,55000000
2006,50000000
2002,63000000
2009,65000000
1993,63000000
1994,63000000
1994,62000000
2015,65000000
2006,64000000
2000,62000000
1995,62000000
2008,62000000
2001,42000000
2015,44000000
2007,61000000
2011,63000000
2006,65000000
2004,80000000
2008,60000000
1999,60000000
2005,150000000
2014,61000000
2002,60000000
1995,58000000
1999,95000000
1998,60000000
1998,70000000
2003,60000000
2013,61000000
2001,60000000
2003,60000000
2002,60000000
1998,105000000
2009,60000000
1990,60000000
2005,60000000
2015,61000000
2010,60000000
2000,60000000
2010,58000000
1999,55000000
1998,60000000
2004,65000000
2002,60000000
2004,55000000
2012,60000000
1999,60000000
2009,60000000
2011,60000000
2003,60000000
2009,60000000
2008,48000000
2004,70000000
2006,50000000
2004,60000000
1996,60000000
2004,66000000
1998,60000000
2012,60000000
1997,60000000
2003,60000000
1996,60000000
2008,60000000
2002,60000000
1995,60000000
2014,60000000
2015,60000000
2016,60000000
1997,75000000
2007,61000000
2014,60000000
1998,48000000
2014,60000000
2005,45000000
2002,60000000
2013,60000000
2009,60000000
2009,60000000
2009,60000000
1999,65000000
2006,60000000
2009,70000000
2002,60000000
2003,60000000
2010,80000000
1997,40000000
2002,60000000
2008,60000000
1998,60000000
2009,60000000
2000,60000000
2000,60000000
2005,87000000
2011,60000000
2003,60000000
1997,60000000
2012,220000000
2002,60000000
2006,50000000
2006,60000000
2001,60000000
2000,65000000
2014,60000000
2013,60000000
2008,60000000
2005,30000000
1999,55000000
2008,60000000
2008,60000000
2015,60000000
2007,60000000
2003,35000000
2016,68005000
2005,80000000
2016,58000000
1998,60000000
2014,58800000
2015,58000000
2005,58000000
2000,60000000
1988,63000000
2008,58000000
2009,58000000
2013,58000000
2010,60000000
2012,58000000
1997,57000000
2012,70000000
1996,57000000
2004,58000000
2011,57000000
2001,57000000
2005,56000000
2004,56000000
1994,55000000
2007,60000000
2000,55000000
1995,55000000
1978,55000000
1996,54000000
2005,70000000
1997,55000000
2003,55000000
2013,55000000
2010,55000000
1995,50000000
2014,55000000
2002,55000000
1995,53000000
2006,55000000
2005,55000000
1994,55000000
1998,55000000
2003,30000000
1999,55000000
2004,30000000
1989,55000000
1992,55000000
2000,55000000
1996,55000000
2011,55000000
2008,55000000
2013,55000000
1992,50000000
1996,55000000
1998,55000000
1996,55000000
2014,55000000
2012,68000000
2003,55000000
1999,55000000
2003,55000000
2008,55000000
2012,55000000
2008,55000000
1996,50000000
1996,55000000
2004,70000000
2007,55000000
2005,62000000
2003,56000000
1997,71000000
2009,55000000
2014,50000000
2004,57000000
2010,55000000
2004,47000000
1962,2000000
2002,55000000
2002,54000000
2008,55000000
2012,55000000
1990,54000000
2005,57000000
2006,54000000
1980,54000000
2003,54000000
2006,55000000
2000,46000000
1997,50000000
2001,52500000
2001,53000000
2015,53000000
2006,90000000
2009,50000000
2007,53000000
1998,55000000
2007,55000000
2002,52000000
2012,40000000
2006,52000000
2008,52000000
2010,52000000
2005,50000000
1998,52000000
2011,52000000
1999,52000000
1995,52000000
2010,52000000
2003,52000000
2000,51000000
2006,51000000
2009,50000000
2001,60000000
2011,50200000
1991,48000000
1996,50000000
2012,50000000
1997,50000000
1998,50000000
2013,50000000
2002,50000000
2011,50000000
2000,52000000
2003,50000000
2014,50000000
1994,60000000
2008,70000000
2016,50000000
1998,50000000
2015,50000000
2014,50000000
2006,45000000
1999,50000000
1995,50000000
2009,50000000
2006,50000000
2011,50000000
2004,35000000
2004,60000000
2011,50000000
1995,50000000
2014,50000000
2009,65000000
2005,54000000
2003,50000000
2006,50000000
2005,50000000
2001,50000000
2013,50000000
2002,50000000
2011,60000000
2005,50000000
2016,50000000
2014,50000000
2006,50000000
1997,50000000
1997,50000000
1997,50000000
2006,50000000
2000,50000000
2012,50000000
1998,50000000
2014,50000000
1994,55000000
1990,50000000
2014,50000000
1997,50000000
2004,45000000
2004,40000000
2003,50000000
1994,50000000
2005,50000000
2000,50000000
2004,50000000
2009,40000000
1999,50000000
1996,40000000
2010,50000000
2010,50000000
2002,50000000
1995,50000000
2007,50000000
1999,50000000
2013,40000000
2003,50000000
2002,50000000
2009,50000000
1996,50000000
1999,70000000
2004,50000000
2016,50000000
2003,50000000
2005,40000000
2015,50000000
2007,25000000
2005,50000000
1999,390000000
2011,49900000
2011,55000000
1997,50000000
1994,50000000
1995,50000000
2010,22000000
2005,50000000
1995,50000000
2009,50000000
2013,60000000
2002,55000000
2016,50000000
2004,50000000
2000,50000000
2011,50000000
2009,18000000
2001,49000000
1990,40000000
2000,48000000
1989,48000000
2015,49000000
1999,48000000
2002,48000000
2006,1500000
1999,48000000
2015,50000000
2001,48000000
2001,48000000
2001,48000000
2000,48000000
1984,58000000
2007,55000000
2014,48000000
1998,48000000
1996,47000000
1990,100000000
1999,48000000
2001,48000000
1982,14000000
1972,1000000
2006,47000000
1996,47000000
1997,46000000
2001,48000000
2002,46000000
1996,45000000
2010,47000000
1996,46000000
1997,45000000
2016,25000000
1981,48000000
1994,45000000
2012,45000000
2003,48000000
2000,45000000
2008,45000000
2004,40000000
1993,45000000
1994,45000000
2007,45000000
1992,45000000
2005,60000000
2013,46000000
2001,45000000
1999,45000000
2001,45000000
2011,45000000
1998,45000000
2005,30000000
2002,45000000
1997,45000000
2000,45000000
2003,45000000
1998,120000000
2001,35000000
1994,45000000
1996,45000000
1968,2500000
2005,45000000
2005,50000000
2004,26000000
2007,45000000
2014,40000000
2006,45000000
1994,45000000
1995,45000000
2012,45000000
2004,25000000
2003,35000000
2006,50000000
1984,40000000
2007,45000000
2008,35000000
2006,52000000
2008,70000000
1996,45000000
1996,45000000
2009,45000000
2001,45000000
2005,45000000
2012,35000000
1996,45000000
2000,57000000
1995,50000000
2010,45000000
1998,45000000
2008,45000000
2006,45000000
2008,40000000
2002,40000000
2007,45000000
1997,45000000
2011,45000000
2012,65000000
2012,44500000
1993,44000000
2010,40000000
1996,44000000
1985,44000000
1996,44000000
1940,2600000
1980,44000000
2006,50000000
2015,40000000
2000,43000000
2000,43000000
2005,45000000
2002,43000000
1993,42000000
2010,44000000
2011,40000000
2012,42000000
1999,42000000
2000,45000000
2004,42000000
1992,40000000
2013,43000000
1963,31115000
2012,42000000
2002,42000000
1996,42000000
2002,32000000
2009,42000000
1989,32000000
2011,42000000
2001,42000000
1993,42000000
2005,50000000
2002,31000000
2012,40000000
2014,44000000
2010,45000000
2009,27000000
2002,41000000
2001,65000000
2003,41000000
1999,40000000
2012,42000000
2011,41000000
1984,8000000
2013,40000000
2009,40000000
1999,70000000
1989,40000000
2014,40000000
2015,40000000
2003,38000000
1996,40000000
2003,40000000
2013,40000000
1992,40000000
2016,40000000
2010,40000000
2009,40000000
2006,45000000
2000,40000000
1990,40000000
2015,40000000
1992,40000000
2009,40000000
2013,40000000
1999,40000000
2014,35000000
2006,40000000
2015,35000000
2016,40000000
1992,40000000
2004,40000000
2005,40000000
2008,40000000
2009,40000000
2001,40000000
1991,40000000
2006,40000000
2001,34000000
2014,65000000
2009,20000000
2014,40000000
2009,40000000
2015,40000000
2001,40000000
2004,50000000
1998,40000000
1997,40000000
2002,35000000
2011,40000000
2011,30000000
2006,40000000
2014,42000000
2013,40000000
2006,40000000
1987,30000000
2010,40000000
1986,40000000
2004,40000000
2006,40000000
2005,43000000
2012,25000000
2008,40000000
2014,40000000
1997,40000000
2003,40000000
1997,36000000
1992,40000000
2007,40000000
1994,40000000
2000,40000000
2011,40000000
2012,40000000
2011,40000000
1999,40000000
1991,38000000
2014,40000000
2000,60000000
2011,40000000
1999,40000000
2000,40000000
2005,30000000
2008,40000000
2014,40000000
1994,25000000
2011,40000000
2010,40000000
2005,40000000
2000,40000000
2005,40000000
2000,40000000
1999,40000000
1996,40000000
2001,40000000
2008,35000000
2001,40000000
2007,40000000
1973,500000
1994,40000000
2011,40000000
1998,40000000
2002,60000000
1999,60000000
2004,40000000
1996,40000000
1995,45000000
2006,40000000
1995,40000000
2000,40000000
2012,45000000
1987,51000000
2009,40000000
2002,40000000
1992,40000000
2001,77000000
2004,30000000
2004,60000000
2012,40000000
1999,40000000
2002,42000000
2009,40000000
2015,40000000
2003,40000000
1980,36000000
1999,24000000
2009,33000000
2001,40000000
2002,40000000
2001,40000000
2007,26000000
2012,40000000
2008,40000000
2015,40000000
2006,40000000
2007,20000000
1995,20000000
2007,25000000
1994,30000000
2007,40000000
2005,25000000
2013,39200000
2011,25000000
1994,23000000
2015,18026148
2009,39000000
2001,38000000
2012,39000000
2005,40000000
2004,39000000
1983,39000000
2013,40000000
2008,553632000
2002,38000000
2009,38000000
1996,39000000
2002,38000000
1994,35000000
2013,38600000
2011,38000000
2014,40000000
1999,38000000
2002,38000000
2001,35000000
2015,30000000
2001,38000000
2001,38000000
1999,38000000
1996,38000000
2001,57000000
2009,10000000
1996,38000000
1982,15000000
2013,38000000
1997,37000000
2001,38000000
2008,55000000
2012,32000000
2007,38000000
2008,40000000
2016,38000000
2015,35000000
2010,37000000
2012,40000000
2008,37000000
2008,37000000
2013,38000000
1999,37000000
2010,37000000
2016,38000000
2011,37000000
2008,37000000
2002,36000000
1999,65000000
2013,37000000
2009,29500000
1997,36000000
1983,36000000
2010,36000000
2014,36000000
2000,34000000
2003,36000000
2015,37000000
1996,36000000
1999,36000000
2011,37000000
1997,36000000
2000,36000000
2008,37000000
2003,35200000
2009,35000000
2015,36000000
1999,33000000
1989,35000000
2011,36000000
1992,35000000
2009,29000000
2001,35000000
2011,35000000
2010,38000000
2006,35000000
1979,35000000
2013,35000000
1991,35000000
2008,35000000
2015,35000000
2005,35000000
1996,27000000
1997,35000000
2005,35000000
1997,35000000
1995,35000000
1984,1800000
2000,33000000
1998,35000000
2010,35000000
2007,34000000
2003,35000000
2011,35000000
2016,35000000
2013,35000000
1992,33000000
2012,35000000
2009,35000000
2009,35000000
2007,35000000
2006,33000000
2005,30000000
1997,35000000
2002,33000000
1982,10700000
2004,35000000
2008,35000000
2011,40000000
2010,35000000
2011,35000000
2001,50000000
1994,35000000
2002,35000000
2001,35000000
2006,30000000
2005,30000000
2004,27000000
2011,35000000
2008,35000000
2002,35000000
1990,35000000
2008,35000000
1999,35000000
1980,20000000
2004,35000000
2012,35000000
1997,30000000
2015,19000000
2010,35000000
1992,35000000
2008,30000000
2004,35000000
2015,35000000
2011,35000000
2005,35000000
2000,55000000
2008,35000000
2013,35000000
2005,35000000
2012,35000000
2015,35000000
2002,35000000
2013,35000000
2004,31000000
2010,35000000
2012,30000000
1983,27000000
2007,35000000
1991,35000000
2007,35000000
2001,35000000
2001,35000000
2009,35000000
2009,35000000
2011,32000000
1998,35000000
2014,35000000
2003,38000000
2008,35000000
2006,35000000
2015,35000000
1997,35000000
2006,35000000
1992,35000000
1993,35000000
1997,35000000
2002,35000000
1980,35000000
1999,35000000
2006,32000000
2009,23000000
2014,34000000
2015,35000000
1993,30000000
2006,35000000
1999,34000000
2012,35000000
2008,34000000
2015,34000000
1999,34000000
2000,34000000
2012,35000000
2013,35000000
1981,35000000
1992,40000000
2001,33000000
2000,30000000
2013,34000000
2011,30000000
2012,33000000
2006,33000000
2000,33000000
2004,33000000
2005,10000000
2012,30000000
1999,38000000
1983,32500000
2008,30000000
2008,32000000
2003,33000000
1996,32000000
2002,35000000
1988,32000000
2006,32000000
2011,32500000
2013,32000000
1999,29000000
2000,32000000
2010,20000000
2013,35000000
2011,32000000
2011,32000000
1993,32000000
2007,32000000
2013,33000000
1979,35000000
2005,32000000
2005,32000000
2005,32000000
1995,32000000
2004,28000000
1999,55000000
2010,32000000
2007,35000000
1996,30000000
2013,30000000
1997,32000000
1999,32000000
2006,32000000
2004,32000000
1979,31500000
2010,32000000
1995,6500000
2016,31500000
1985,31000000
2012,31000000
1979,34000000
2014,25000000
2001,31000000
1990,31000000
2000,31000000
2016,144000000
2015,31000000
1995,30250000
2002,45000000
1999,34200000
2001,30000000
1995,30000000
1994,25000000
2012,30000000
2010,31000000
2000,30000000
1990,30000000
2013,30000000
2004,20000000
1991,38000000
1995,30000000
2001,37000000
1996,26000000
1995,33000000
2009,30000000
2004,30000000
2003,25000000
2004,30000000
1999,30000000
2004,29000000
2008,30000000
2009,30000000
2000,30000000
1991,30000000
1994,30000000
2009,25000000
2002,30000000
2013,35000000
2012,30000000
2001,30000000
1995,30000000
2012,30000000
2008,30000000
2005,45000000
2008,30000000
1998,30000000
2009,30000000
2004,19000000
2004,37000000
2011,17000000
2014,42000000
2001,30000000
1999,55000000
1989,27800000
2002,30000000
1994,30000000
1985,30000000
2005,30000000
2007,30000000
2007,30000000
2010,30000000
1989,30000000
2005,40000000
2015,30000000
2015,30000000
2009,30000000
2015,25000000
2003,30000000
2010,30000000
2002,30000000
2006,38000000
2007,32000000
2012,30000000
2008,30000000
1988,30000000
1987,27000000
1986,25000000
2011,30000000
1997,30000000
2011,30000000
2013,30000000
2006,30000000
2006,30000000
2001,45000000
2009,30000000
2013,30000000
2011,30000000
2003,19000000
1998,30000000
2014,30000000
1998,30000000
1995,30000000
2006,30000000
2014,30000000
2011,30000000
2004,35000000
2012,30000000
2004,30000000
2010,35000000
2006,30000000
2005,20000000
1998,30000000
1996,25000000
2002,30000000
2010,30000000
2007,30000000
2005,35000000
2004,40000000
2009,26000000
1986,35000000
2008,30000000
2005,30000000
2003,30000000
2004,30000000
2011,30000000
2005,30000000
1999,30000000
1999,30000000
2009,45000000
2013,45000000
2004,25000000
2004,23000000
2011,30000000
2005,30000000
2009,40000000
2013,30000000
2001,30000000
1989,18000000
1984,30000000
2013,30000000
2004,18000000
2002,25000000
2006,30000000
2005,60000000
2006,21000000
2007,30000000
2011,18000000
2015,30000000
2011,30000000
2007,30000000
2014,24000000
2014,30000000
2015,30000000
2002,30000000
2016,19000000
2015,29000000
2005,28000000
2000,30000000
1997,29000000
2008,35000000
2002,29000000
2002,29000000
2016,29000000
1987,29000000
1999,28000000
2004,12000000
2005,29000000
1992,28000000
2015,28000000
1984,28000000
1998,24000000
2001,60000000
2016,29000000
2003,29000000
1988,28000000
2008,28000000
2015,28000000
2009,30000000
2004,28000000
2004,26000000
2001,35000000
2013,30000000
2001,21000000
2003,30000000
2013,28000000
1981,28000000
2001,28000000
1994,27000000
2001,28000000
2013,28000000
1993,28000000
2007,28000000
2010,30000000
2011,28000000
2000,28000000
2014,28000000
2005,28000000
1982,28000000
1995,28000000
2014,28000000
2007,21000000
2000,28000000
2001,160000000
2006,28000000
1999,28000000
2010,28000000
1997,28000000
2001,28000000
2015,28000000
2016,28000000
1997,28000000
2008,27000000
2013,28000000
2006,24000000
2014,28000000
1983,27500000
2007,30000000
2009,30000000
2008,35000000
1984,16000000
2006,15000000
2007,27500000
1991,30000000
2002,27000000
2016,175000000
1997,27000000
1980,27000000
2012,25000000
2002,30000000
1999,27000000
2006,27000000
1983,27000000
2011,30000000
1984,27000000
1998,27000000
2008,13500000
1985,25000000
1998,27000000
2009,27000000
2004,27000000
2007,27000000
2011,27000000
2016,27000000
2001,28000000
1999,15000000
2004,27000000
2008,25000000
2003,23000000
2006,27000000
2009,26000000
2003,26000000
2005,26000000
1998,25000000
2014,28000000
1990,26000000
2008,27000000
1998,26000000
2003,22000000
1990,26000000
1977,26000000
2005,26000000
2003,26000000
2000,26000000
2010,26000000
2013,26000000
2004,26000000
2002,26000000
1985,26000000
2009,26000000
2004,26000000
2011,56000000
2001,42000000
2012,26000000
2004,26000000
1994,26000000
1996,22000000
1997,26000000
2001,26000000
2015,26000000
1996,25530000
2015,26000000
2005,15000000
2004,30000000
1993,25000000
1988,25000000
2008,33000000
2008,25100000
2008,25000000
2014,26000000
1992,25000000
1993,22000000
2011,25000000
2013,28000000
2004,80000000
2014,26000000
2003,30000000
2001,30000000
2008,25000000
1991,25000000
1987,25000000
2007,25000000
2014,25000000
2001,26000000
2000,25000000
2003,45000000
2012,25000000
2011,25000000
1993,25000000
2000,25000000
1976,2800000
2006,25000000
2012,25000000
2007,17000000
2004,25000000
2013,25000000
2011,25000000
2005,30000000
2004,26000000
1990,25000000
2003,26000000
2005,25000000
1983,25000000
1997,25000000
1987,23000000
2012,25000000
1997,25000000
2007,25000000
2002,25000000
2003,25000000
2002,25000000
2005,25000000
2001,25000000
2008,25000000
2014,25000000
2014,25000000
2003,20000000
2003,17000000
2007,25000000
2003,30000000
2002,25000000
2006,20000000
2007,25000000
2004,25000000
2013,25500000
2007,30000000
1998,25000000
1998,25000000
1970,25000000
1997,25000000
2009,25000000
1994,25000000
2001,21150000
1996,27000000
2014,25000000
2013,25000000
2005,30000000
2016,23000000
1998,25000000
1994,25000000
2010,25000000
2010,25000000
2010,25000000
2007,25000000
2002,25000000
2004,25000000
2002,13000000
2006,26000000
1988,25000000
1996,25000000
2009,16000000
2008,8000000
2000,25000000
2010,25000000
2004,25000000
1996,25000000
2002,25000000
2015,30000000
2011,25000000
1999,25000000
2014,25000000
1985,25000000
2010,25000000
2005,25000000
2015,26000000
1986,25000000
2012,17000000
2011,25000000
1996,28000000
1993,25000000
2008,25000000
2002,25000000
1999,25000000
2012,14000000
1996,25000000
2011,25000000
2006,25000000
1991,17000000
2009,25000000
1984,25000000
2005,25000000
2001,25000000
2005,25000000
2006,33000000
1995,25000000
2005,15000000
2008,25000000
2005,25000000
2011,25000000
2005,25000000
1998,25000000
2008,25000000
2013,13500000
2009,20000000
2010,25000000
2010,25000000
2009,25000000
2010,25000000
2013,25000000
2011,25000000
1970,25000000
2014,25000000
2014,25000000
1988,14000000
2012,25000000
1986,25000000
2006,24000000
2015,105000000
1997,24000000
2016,25000000
2014,24000000
2000,24000000
1984,8200000
2003,24000000
1991,24000000
1998,24000000
2000,24000000
2008,24000000
2000,24000000
2009,25000000
2001,24000000
1999,24000000
2004,24000000
1999,24000000
1978,24000000
2000,24000000
1999,24000000
2011,24000000
2010,24000000
2004,23000000
1998,24000000
1993,28000000
2004,24000000
2010,24000000
2004,24000000
2009,23600000
2005,207000000
1998,20000000
1980,18000000
1995,19000000
1991,23000000
2000,23000000
2011,12500000
2000,23000000
2001,23000000
2013,23000000
2016,23000000
2001,23000000
2013,25000000
1999,23000000
2004,23000000
2000,23000000
2011,23000000
1987,23000000
1996,23000000
2008,23000000
1999,23000000
1991,23000000
2009,19430000
2015,11000000
2009,23000000
2004,23000000
2009,23000000
2007,25000000
1987,22700000
2014,22500000
1990,22000000
1998,23000000
1994,22000000
2002,20000000
2007,22000000
1995,35000000
2001,22000000
1982,22000000
2014,22000000
1995,22000000
2001,22000000
2014,22000000
2003,22000000
2005,22000000
2009,21000000
1993,22000000
2005,22000000
2013,26000000
2015,40000000
2001,22000000
2012,22000000
1999,22000000
2001,22000000
2005,126000000
2001,30000000
2016,22000000
2001,22000000
2013,22000000
2000,22000000
2004,22000000
1993,23500000
2001,22000000
1970,25000000
1999,22000000
2015,25000000
2006,21000000
2005,22000000
2012,2000000
2008,22000000
2014,22000000
1977,12000000
2010,22000000
2007,16000000
2013,22000000
2007,25000000
1996,21500000
1999,21500000
2013,22000000
2012,17000000
1982,21000000
1999,21000000
2007,9000000
1993,17000000
2001,21000000
2012,21000000
2007,21000000
2002,21000000
2008,20000000
1999,21000000
2009,17000000
2008,21000000
2002,21000000
2011,20000000
1999,21000000
2011,21000000
1982,35000000
1999,31000000
1981,18000000
1992,18000000
1977,19400870
2006,20000000
1987,28000000
2003,33000000
1991,19000000
1992,20000000
2010,20000000
1978,20000000
2008,20000000
2013,20000000
2005,32000000
2014,20000000
2007,20000000
2003,35000000
1995,18000000
2004,30000000
2004,37000000
2011,20000000
2003,20000000
2010,20000000
2013,20000000
2002,20000000
2010,20000000
1990,20000000
2016,20000000
2012,20000000
1971,1800000
2016,20000000
2006,20000000
2002,20000000
2014,20000000
2003,20000000
2005,20000000
2007,20000000
2000,30000000
2015,20000000
2007,20000000
1982,20000000
2015,20000000
2008,22000000
2006,20000000
1998,20000000
1991,20000000
2006,20000000
1979,20000000
2010,20000000
1997,20000000
2010,20000000
2006,25000000
2014,19800000
2008,20000000
2004,30000000
2013,11000000
1995,20000000
2013,20000000
1969,20000000
2008,20000000
2016,20000000
2002,35000000
2011,19000000
1998,20000000
2010,20000000
2000,20000000
2008,27000000
1996,20000000
2008,20000000
2004,20000000
2010,20000000
2008,20000000
2013,20000000
2007,20000000
2009,20000000
2010,20000000
2011,20000000
2006,9000000
1990,20000000
2010,20000000
2006,20000000
2009,40000000
1995,20000000
2016,20000000
1998,20000000
1960,806947
2008,40000000
2014,20000000
2007,20000000
1981,20000000
1985,20000000
1998,30000000
2007,20000000
2007,15000000
2006,20000000
2012,20000000
1996,19000000
2005,20000000
1995,20000000
2004,20000000
2002,35000000
2007,20000000
2003,20000000
2004,20000000
2008,37000000
2003,20000000
2000,20000000
1965,20000000
2015,19500000
2008,25000000
2009,27000000
1997,20000000
2011,20000000
2012,20000000
2004,40000000
2009,20000000
1994,20000000
2006,20000000
2002,30000000
2005,22000000
2002,20000000
2008,20000000
2009,22000000
2010,20000000
1994,20000000
2008,20000000
2005,20000000
2016,20000000
1997,20000000
1999,20000000
2015,20000000
1989,20000000
1996,20000000
2007,9000000
2007,20000000
2009,21000000
2004,20000000
2005,33000000
2007,20000000
2004,20000000
1969,20000000
2014,20000000
2006,20000000
2013,20000000
2008,12000000
2013,20000000
2003,22000000
2008,20000000
1999,10000000
2015,20000000
2011,15000000
2006,8700000
2012,20000000
2005,20000000
2009,20000000
2004,20000000
2014,20000000
2008,20000000
2008,20000000
2007,20000000
2012,20000000
2008,20000000
2008,21000000
1997,2147483647
2003,20000000
1980,20000000
2005,2000000
2015,20000000
2003,20000000
2002,20000000
2008,40000000
2000,24000000
2012,20000000
2015,10000000
2004,2127519898
2005,20000000
1994,20000000
1998,140000000
2010,20000000
2002,22000000
2010,20000000
2007,13000
2008,25000000
2007,20000000
2012,20000000
2014,20000000
2016,20000000
2015,20000000
2013,27220000
2006,19400000
2008,20000000
1990,22000000
2011,20000000
1989,19000000
2004,20000000
1996,15000000
2001,20000000
1980,19000000
1985,19000000
1999,19000000
2009,13000000
2016,27000000
2010,19000000
2003,18000000
2011,15000000
2000,19000000
2010,20000000
2001,19000000
1984,25000000
2013,19000000
2008,19000000
2010,19000000
1964,19000000
2011,23000000
1993,19000000
1996,19000000
2005,19000000
2002,19000000
2005,15000000
1998,18500000
2009,18500000
2014,18000000
1994,18000000
1988,18000000
2006,18000000
2001,18000000
1984,17000000
2005,20000000
1999,17000000
2014,16000000
2005,17000000
2004,18000000
2003,18000000
1997,17000000
2016,18000000
2011,21000000
1987,15000000
1984,18000000
2008,20000000
2004,17000000
2003,18000000
2001,19800000
1986,18000000
2014,18000000
2013,18000000
2006,15000000
2003,25000000
1989,18000000
1996,18000000
1980,1000000
2011,18000000
1970,18000000
2009,18000000
1984,18000000
1980,18000000
2009,18000000
1985,18000000
2009,18000000
2010,18000000
2000,18000000
2000,18000000
2015,17000000
2004,18000000
2001,18000000
2015,30000000
2009,18000000
2009,18000000
1981,18000000
2001,18000000
1981,18000000
2013,18000000
1997,18000000
2014,18000000
1989,18000000
2004,18000000
1986,17000000
1981,18000000
2009,13000000
1994,18000000
2013,18000000
2007,20000000
2008,18000000
1982,20000000
1996,18000000
2016,18000000
2003,18000000
2013,18000000
2009,12000000
1986,2700000
2002,18000000
2008,18000000
2009,18000000
1999,11350000
1985,3500000
2016,18000000
2006,14000000
2015,11000000
1985,17900000
2012,14000000
2007,20000000
2014,18000000
2008,23000000
2005,17500000
2004,17500000
2007,24000000
2013,17500000
2014,18000000
2002,17500000
2001,17000000
1986,18500000
1964,17000000
1997,17000000
2014,17000000
2004,12000000
2006,17500000
1978,300000
2002,31000000
2003,17000000
2013,17000000
2006,17000000
2010,20000000
2002,17000000
2010,170000000
1998,17000000
2011,17000000
2006,15000000
2003,17000000
2015,17000000
2012,17000000
2001,34000000
1998,17000000
2002,17000000
2006,4000000
1999,17000000
2009,17000000
1963,9000000
2013,17000000
2009,17000000
2006,19000000
1987,17000000
2006,17000000
1986,17000000
2006,16000000
1981,17000000
2003,17000000
2014,17000000
2006,17000000
2008,11000000
1977,17000000
2012,17000000
1991,16500000
2006,16800000
2006,16000000
1987,15000000
1995,16500000
2007,16500000
2007,16500000
2003,15000000
1989,16400000
1994,16000000
1989,16000000
1982,16000000
2000,15600000
1999,16000000
2011,15000000
2009,16000000
2012,16000000
2006,16000000
2016,18500000
2002,16000000
2006,13500000
2001,35000000
2001,16000000
2011,16000000
2001,17700000
1991,15000000
2007,8000000
2008,16500000
2008,15500000
2007,25000000
2016,20000000
2000,16000000
2002,16000000
2009,16000000
2000,16000000
1987,16000000
2014,16000000
2010,16000000
2003,16000000
1988,20000000
1993,26000000
1999,16000000
1979,16000000
2000,15000000
2002,16000000
1999,15000000
1986,16000000
2007,16000000
1997,16000000
2013,16000000
2005,16000000
2013,20000000
2004,16000000
2008,11000000
2008,15000000
2009,13000000
2012,16000000
2009,16000000
2013,16000000
2014,16000000
2002,15600000
2005,15500000
2001,15300000
2006,15500000
1984,14000000
1990,18000000
1987,11000000
1982,22000000
1986,15000000
2000,15000000
1999,15000000
2010,15000000
1988,15000000
2008,15500000
1985,15000000
2016,100000000
2014,14000000
1980,10000000
2010,15000000
2013,20000000
1978,300000
1983,15000000
2013,15000000
2006,9800000
1988,15000000
2007,15000000
1994,15000000
2012,17000000
2006,15000000
2002,15000000
1978,15000000
1997,15000000
2003,17000000
2013,15000000
2015,15000000
1998,15000000
1997,10000000
2001,16000000
2012,7000000
2015,37000000
2000,15000000
2014,15000000
2003,16000000
2000,15000000
1962,15000000
2009,15000000
2014,15000000
2009,15000000
2005,15000000
2002,15000000
2010,125000000
1987,16000000
2007,15000000
2011,15000000
2004,15000000
1998,15000000
2007,15000000
2014,15000000
2005,14000000
2000,15000000
1997,15000000
2009,15000000
2000,15000000
1996,15000000
2005,15000000
2010,15000000
1993,11500000
1997,15000000
1993,15000000
2006,15000000
2007,15000000
2000,14000000
2002,15000000
2006,20000000
2016,15000000
2010,15000000
1998,15000000
2012,15000000
2014,15000000
1999,15000000
2008,15000000
1984,15000000
2012,15000000
2014,15000000
2001,15000000
2008,15000000
2000,15000000
2006,15000000
2011,15000000
2009,15000000
2003,15000000
1999,15000000
2004,20000000
1989,15000000
1998,15000000
2012,15000000
1998,15000000
2000,15000000
1985,15000000
2004,15000000
1998,15000000
2006,15000000
2002,15000000
2007,16000000
2000,15000000
2002,20000000
2002,15000000
2006,15000000
2008,15000000
2013,15000000
2008,15000000
2009,15000000
2012,15000000
2009,15000000
2000,15000000
2005,15000000
1999,15000000
2005,15000000
1999,20000000
2001,15000000
2010,22000000
2010,15000000
2008,15000000
1986,15000000
1999,15000000
2007,15000000
1927,6000000
2004,12000000
1995,7000000
2015,15000000
2001,15000000
2008,300000000
1996,9000000
2008,15000000
2011,15000000
2011,15000000
2001,25000000
2007,15000000
2013,20000000
2014,7000000
2005,15000000
2015,15000000
2009,15000000
2000,15000000
1993,14600000
2015,14800000
1996,14500000
2010,10000000
2014,14500000
1992,14400000
2005,14200000
2008,15000000
1987,14000000
1990,14000000
1988,15800000
2015,15000000
1989,14000000
1993,15000000
2009,15000000
2012,14000000
1982,14000000
2007,14000000
1977,14000000
1998,14000000
1988,14000000
1991,14000000
1999,14000000
2011,13000000
2002,14000000
1993,14000000
2002,14000000
1995,20000000
1977,14000000
2005,14000000
2003,14000000
2009,14000000
2010,14000000
1998,14000000
1999,12000000
1996,8500000
1977,14000000
1994,14000000
2001,11000000
2002,15000000
2006,14000000
2001,14000000
2012,14000000
2006,26000000
2000,24000000
1999,14000000
2006,14000000
2001,14000000
1995,14000000
1978,14000000
2014,8200000
2002,103000000
2010,12000000
2008,15000000
2011,14000000
2010,14000000
2005,14000000
2014,125000000
1995,12000000
2002,13500000
2015,14000000
2000,13500000
2012,15000000
2004,13500000
2004,10000000
1987,13000000
2010,13400000
2011,13000000
2010,13000000
2014,100000000
1974,13000000
2001,13000000
1988,7000000
2016,13000000
2000,13000000
1988,13000000
2014,13000000
2014,12500000
1999,16000000
2002,13000000
1993,8200000
2016,17000000
2004,13000000
2000,13000000
2007,13000000
1999,18000000
1998,13000000
1996,13000000
1990,13000000
2014,13200000
2007,18000000
2015,15000000
1999,13000000
2001,6000000
2014,13000000
2001,14000000
2006,19000000
2006,13000000
1998,13000000
2015,13000000
1998,13000000
1994,13000000
1999,13000000
1999,13000000
1998,13000000
2001,13000000
2001,13000000
2013,13000000
2006,13000000
2007,13000000
2013,13000000
2000,100000000
2009,11000000
1996,13000000
2009,26000000
2006,13000000
2012,13000000
1993,3000000
2006,13000000
2000,20000000
2015,8495000
2011,13000000
2011,13000000
2013,13000000
2016,12620000
2002,13000000
2009,13000000
1981,12500000
2002,12500000
2002,12500000
1993,13000000
2010,3660000
1992,12500000
2010,13000000
1982,18000000
2009,16000000
2007,12000000
2008,12500000
2000,12800000
1997,16000000
1996,12500000
2009,15000000
2010,10500000
2010,15000000
1988,12500000
2004,12800000
2009,12500000
1973,8000000
1975,8000000
1999,11000000
2012,9600000
1986,25000000
2012,12000000
2002,12000000
1982,11000000
1994,12000000
1983,12000000
1985,12000000
2012,12000000
2006,12000000
1996,12000000
1997,12000000
2008,12000000
2012,12000000
1983,12000000
1981,5000000
2002,12000000
2012,12000000
1970,12000000
2002,12000000
2008,12000000
2008,12000000
2004,12000000
2001,12000000
1992,12000000
2006,150000000
2002,12000000
2012,12000000
2014,12000000
1998,12000000
2014,12000000
1979,12000000
1999,12000000
2013,12000000
2005,9000000
1978,12000000
2006,12000000
2015,12000000
2013,12000000
1995,13000000
2001,12000000
2011,12000000
2006,12000000
1998,12000000
1981,12000000
1981,14000000
2004,107000000
2002,12000000
2013,12000000
2004,100000000
2012,12000000
2015,12000000
2008,12000000
2000,10000000
1992,8000000
2006,12000000
1998,12000000
2006,12000000
2003,12000000
1996,12000000
2003,12000000
2008,12000000
2001,12000000
2006,2147483647
1981,12000000
1999,12000000
2007,12000000
2013,9200000
2002,12000000
2013,12000000
2004,12000000
2007,12000000
2005,12000000
2009,12000000
2000,10000000
2002,12000000
1997,12000000
2007,8000000
2007,12000000
2005,2147483647
1999,12000000
2002,7500000
2009,12000000
2015,135000000
2010,12000000
2011,20000000
2009,12000000
2015,12000000
2014,12000000
2000,6000000
2015,12000000
1989,11500000
1993,11900000
2009,11500000
2015,12000000
1984,11000000
1977,11000000
2016,11500000
1965,11000000
2008,11000000
2010,25000000
1992,11000000
2014,11000000
2014,12000000
1989,11000000
2007,13500000
2002,13000000
2002,11000000
1995,11000000
1999,10500000
2009,11000000
1981,11000000
2008,11000000
2001,11000000
1992,12000000
1978,11000000
1986,12000000
2015,11000000
1975,11000000
2001,11000000
2000,11000000
2012,11000000
2001,11000000
2001,11000000
2015,11000000
2004,11000000
1992,13000000
2002,11000000
1993,11000000
2003,17000000
2004,11000000
2002,11000000
1995,11000000
2013,11000000
2001,5000000
1991,11000000
1970,11000000
2006,11000000
1982,10700000
2010,12000000
2008,10800000
2012,11000000
2006,15000000
2006,700000000
1999,14000000
2013,7000000
2002,10600000
1968,12000000
1982,10500000
2007,10000000
2004,12500000
1994,10500000
2007,11000000
2012,10818775
2014,11000000
1997,10000000
2016,11000000
2006,10000000
1981,10000000
2000,10000000
2016,10000000
1999,10000000
2009,10000000
2007,10000000
2005,10000000
2006,6000000
1986,13800000
1962,10000000
1992,10000000
2004,10000000
1996,12000000
2001,10000000
1989,10000000
1968,10000000
2011,10000000
2001,23000000
1985,12305523
1985,10000000
2016,10000000
2010,10000000
2002,20000000
2015,10000000
1985,10000000
2000,6000000
1992,10000000
2008,9000000
1999,10000000
2002,10000000
1983,10000000
1989,17000000
1994,10000000
2002,8500000
2006,12000000
1998,10000000
1983,10000000
2016,65000000
1983,10000000
2015,10000000
2012,17000000
2001,10000000
2009,10000000
2006,10000000
1993,10000000
1985,10000000
1998,9000000
2010,10000000
2015,10000000
2008,10000000
2005,25000000
1990,10000000
2002,10000000
1990,11000000
2003,12600000
1980,10000000
1999,30000000
2012,10000000
2007,10000000
2013,10000000
2002,3000000
2011,6400000
2005,10000000
1997,10000000
2015,5000000
2005,10000000
2001,22000000
1999,10000000
1999,10000000
2014,10000000
1998,10000000
2004,10000000
1984,10000000
2010,10000000
2002,10000000
2013,6000000
2010,100000000
2008,10000000
2012,10000000
1998,7500000
2012,10000000
2004,10000000
1998,10000000
1999,10000000
2002,10000000
2013,10000000
1981,10000000
2014,9000000
2001,16000000
2006,10000000
2015,10000000
2011,10000000
2009,10000000
2012,10000000
1993,11500000
1999,9000000
2004,6500000
2000,10000000
1987,10000000
2006,10000000
2011,10000000
2000,10000000
2016,10000000
1981,14000000
2014,10000000
2011,10000000
2002,8000000
2000,10000000
2002,10000000
2012,10000000
2006,10000000
2000,10000000
2011,11000000
2009,5000000
2003,10000000
2007,10000000
2007,10000000
2002,10000000
2008,10000000
2001,10000000
2003,10000000
1997,60000000
2014,5000000
2004,4000000
2001,10000000
2006,5000000
2005,10000000
1994,6200000
2013,10000000
2014,10000000
1997,10000000
2009,10000000
2009,8000000
2009,5000000
2015,10000000
2007,10000000
2008,10000000
2004,6500000
2007,10000000
2011,10000000
2008,6000000
2014,10000000
2008,10000000
2013,10000000
2010,10000000
2009,10000000
2007,10000000
2010,10000000
2008,10000000
2013,10000000
2010,10000000
2005,9600000
2000,9500000
2014,10000000
1967,9500000
2014,10000000
2012,8900000
1988,10500000
2015,9500000
1963,9400000
1981,9300000
1995,6000000
2015,10000000
2010,600000000
2011,7400000
2011,8500000
2012,7217600
1979,11000000
1974,83532
2010,10000000
1971,9000000
1965,9000000
2011,10000000
1996,9000000
1999,9000000
1988,9000000
2007,9000000
2014,9000000
2000,9000000
2004,9000000
2000,20000000
2000,8000000
2006,9000000
1989,9000000
2000,8500000
2002,9000000
1994,8000000
1984,9000000
2007,9000000
2005,9000000
2008,9000000
2011,9000000
2001,400000000
1990,9000000
2002,9000000
2009,9000000
2006,11400000
2015,19000000
2008,45000000
2005,9000000
2009,9000000
1986,8800000
2004,8800000
2010,9000000
2007,8600000
2014,9000000
2009,7000000
1979,8500000
2013,8500000
1968,9000000
1990,60000000
1999,8000000
2015,8500000
2001,22000000
2013,9000000
2003,8000000
2009,8500000
2010,12000000
1984,8200000
2013,9000000
1999,8000000
1984,8000000
1951,7623000
2008,8500000
2006,8300000
1994,8000000
2014,8500000
2004,8550000
1965,8200000
1984,8000000
2006,8000000
1986,8000000
2002,8000000
2004,8000000
1979,8000000
2002,8000000
1996,8000000
2011,8000000
2008,8000000
1982,8000000
2014,8000000
1981,8000000
1993,8000000
1969,7000000
1994,8000000
1999,8000000
1998,8000000
2009,8000000
2005,50000000
2000,7000000
2002,5000000
2006,8000000
2009,8000000
2009,8300000
2013,8000000
2010,8000000
2000,8000000
2011,8000000
1996,8000000
1999,8000000
2000,8000000
2015,8000000
2010,10000000
2002,8000000
1991,8000000
1998,8000000
2010,8000000
2010,7200000
2007,8000000
1997,8000000
1983,8000000
2009,6500000
2013,8000000
2005,8000000
2007,8000000
2003,8000000
2006,8000000
2005,8000000
2010,8000000
2008,8000000
2006,8000000
2004,50000000
2014,8000000
1988,1100000000
2007,22000000
2005,8000000
2014,8000000
2005,7900000
2016,8000000
1989,10000000
2016,8000000
1989,7500000
1997,7500000
1995,7500000
2014,7700000
2005,6500000
2007,10000000
2009,4500000
1984,7500000
2002,7500000
2002,7500000
2008,7500000
2004,7500000
2009,8000000
2001,50000000
2003,7500000
2012,7500000
2004,6500000
2011,8000000
2012,7500000
2007,6000000
2007,7300000
2009,12000000
2008,5000000
2016,7000000
2009,7300000
2007,258000000
1999,7500000
2007,7500000
2015,7500000
1971,7200000
1972,6000000
1983,4000000
2009,7500000
1993,7000000
2012,7000000
2003,11000000
1973,7000000
2000,5000000
2011,6600000
2013,105000000
2005,7500000
2005,7000000
1995,7000000
2000,20000000
1976,9000000
1974,13000000
1988,7000000
2005,3500000
2014,7000000
1996,7000000
2005,7000000
2015,7000000
1999,7000000
2012,200000000
2003,7000000
1978,350000
2009,7000000
2009,7500000
1989,7000000
2014,7000000
2009,7000000
1988,7000000
1999,7000000
2004,7000000
2002,6000000
2007,7000000
1992,7000000
2001,7000000
2004,7000000
2008,7000000
2010,7000000
1999,7000000
2002,7000000
2006,7000000
2011,7000000
2009,7000000
1983,7000000
2009,4825000
1977,9000000
1993,50000000
2010,7000000
1998,10000000
2010,7000000
2002,3500000
2002,7000000
2015,7000000
2010,7000000
2013,7000000
2010,7000000
2005,7000000
1999,7000000
2014,7000000
2011,7000000
2012,7000000
2014,7000000
1985,6900000
1993,6900000
2007,7000000
2016,8700000
2015,7000000
1999,15000000
2005,6800000
2003,6800000
2012,6900000
2010,6800000
2003,5000000
2007,4000000
2014,6500000
2009,6500000
1991,6000000
1987,6500000
1980,6500000
1993,6500000
1999,6500000
2006,6500000
1971,6500000
1999,6500000
2001,7000000
2011,6500000
2004,4000000
2005,6500000
2013,6500000
2004,6500000
2000,6500000
2009,6500000
2010,6500000
2007,4500000
1984,6500000
2003,4800000
2009,10000000
1985,4000000
1995,6000000
1978,6000000
1986,6000000
2004,6000000
1969,6000000
1964,6000000
1980,6000000
2004,110000000
1961,6000000
1980,6000000
2001,6000000
1999,6000000
1995,6000000
1989,8000000
2002,6000000
2008,6000000
1946,8000000
2000,6000000
1981,6000000
1988,6500000
2007,6000000
1988,6000000
1998,9000000
1995,6000000
2006,6000000
1989,3000000
2011,5000000
2008,6000000
2000,6000000
1999,6000000
2012,6000000
2012,6000000
2009,6000000
2011,6000000
2008,6500000
1999,6000000
2009,6000000
2014,6000000
1999,6000000
2001,6000000
1993,6000000
2003,6000000
2001,6000000
1969,6244087
2008,6000000
1979,6000000
1991,6000000
2010,6000000
2009,6000000
2011,6000000
2006,6000000
2001,6000000
1977,7840000
2008,6000000
2003,6000000
1994,8600000
2012,12000000
2009,6000000
2011,6000000
1983,5952000
2002,5300000
2014,6000000
2002,50000000
2008,4000000
2012,6000000
1964,6700000
2005,200000000
2002,3500159
2002,5600000
2006,5600000
2009,5600000
1973,5500000
1981,5500000
2005,5500000
1996,5500000
2013,3000000
1973,5500000
2001,7000000
2001,5500000
2004,5500000
2003,5000000
2003,5000000
1989,6500000
2001,5500000
2011,3850000
2013,5500000
2011,9000000
2007,5250000
2011,30300000
2012,4000000
2004,6000000
2014,5500000
1980,5100000
2013,5000000
2005,4000000
2016,15000000
2002,5000000
2016,4900000
2011,5000000
2014,5000000
1987,4500000
2015,5000000
2013,5000000
2012,5000000
1953,5000000
1975,5000000
1991,8500000
2003,4500000
1954,5000000
2014,5000000
1980,5000000
2013,5000000
2015,3300000
2000,9000000
2013,5000000
2006,5000000
2000,5000000
2013,5000000
1991,5000000
1982,3500000
1999,5000000
1997,5000000
1981,5000000
2011,5000000
1998,4500000
2001,5000000
2014,5000000
2014,5000000
1997,6000000
2014,5000000
1954,5000000
1981,5000000
1989,5000000
2002,5000000
2012,5000000
1995,5000000
2001,2000000
2004,4000000
2008,5000000
1996,5000000
1988,5000000
1986,5000000
1982,5000000
1983,5000000
2011,5000000
2008,8000000
2015,5000000
1982,8000000
1959,5000000
2016,5000000
2009,8000000
1932,800000
2016,5000000
2000,5000000
2004,5000000
2003,6000000
1976,5000000
2001,5000000
1978,5000000
1989,5000000
1998,5000000
1968,5000000
2001,5000000
2009,5000000
2010,5000000
1997,5000000
2010,4000000
2008,5000000
1982,5000000
1994,5000000
2015,5000000
2010,5000000
1998,5000000
2004,5000000
1992,5000000
2014,5000000
2010,5000000
2003,5000000
2015,5000000
2006,5000000
2014,5000000
1996,7000000
1996,5000000
1980,2200000
2008,5000000
1947,3209000
1998,2000000
2004,5000000
2015,5000000
2007,5000000
2004,5000000
2015,5000000
2011,5000000
2008,2500000
2009,5000000
2014,5000000
2014,10000000
2011,5000000
2014,5000000
2014,5000000
1977,5000000
2012,5000000
2015,5000000
2016,5000000
2006,84450000
2009,4000000
1996,890000
2011,3000000
2005,4800000
2005,2800000
2011,5000000
1988,4700000
2014,5000000
1986,4700000
1973,4638783
2013,4800000
2011,4700000
2007,5000000
2010,4600000
2013,4700000
2007,4600000
1984,4500000
1980,4500000
1994,4500000
1982,4500000
1956,4500000
2002,15000000
1996,4500000
2000,4500000
1998,700000000
1986,4500000
2014,5000000
2001,4500000
1997,4500000
2002,2000000
2005,2147483647
2001,2500000
2006,35000000
2009,4500000
1975,4400000
2015,4400000
1976,4400000
2016,4400000
2014,4500000
2012,3000000
2002,6000000
2009,150000000
2009,4500000
2015,150000000
2006,4200000
2004,4200000
1992,2300000
1981,4000000
2009,4000000
1968,114000
2003,4000000
1977,4000000
1952,4000000
2014,140000000
2001,4000000
2015,8500000
1995,3600000
2013,4500000
1985,4000000
1974,4000000
2015,4000000
1956,4000000
2010,3500000
1988,4000000
1963,4000000
2013,5000000
2014,4000000
2006,4000000
2001,100000000
2001,4000000
2000,6000000
2003,3200000
1961,4000000
2006,4000000
2010,25000000
2007,3400000
2014,4000000
2002,4000000
1969,4000000
1995,4000000
2002,4000000
2003,8000000
1988,4000000
1996,4000000
1999,4000000
2007,4000000
2005,4000000
2011,4000000
2005,4000000
2011,4000000
1987,4000000
2015,4500000
2002,4000000
1999,4000000
2013,4000000
1997,3000000
1987,1300000
2000,1500000
1999,4000000
2013,4000000
2010,9500000
2000,14000000
1998,2500000
2013,16000000
1998,4000000
2002,4000000
2010,650000
1997,4000000
2014,4000000
2011,4000000
2011,4000000
2013,4000000
1972,4000000
2012,4000000
1930,3950000
2007,4000000
2016,4000000
2012,4000000
2012,4000000
2014,4000000
2016,100000000
1966,2000000
1976,3800000
1939,3977000
2014,4000000
1965,3800000
1950,3768785
2005,8000000
2009,3500000
1948,3700000
2009,3800000
2006,2000000
2011,30000000
1969,3600000
1997,3500000
1980,3500000
2015,5000000
1995,3500000
1993,3500000
1987,3500000
1970,3716946
1967,3500000
1959,3500000
1966,3500000
1972,2000000
2015,3500000
1998,3500000
1996,3500000
1998,3500000
2009,2000000
1985,3500000
1987,3600000
2001,3000000
2013,1000000
1998,3500000
2010,19900000
2006,3500000
2012,68000000
2005,3500000
2004,3500000
2016,3500000
2008,3500000
1998,1000000
2009,3500000
2013,3500000
2015,3500000
2014,3500000
2014,3500000
2014,3500000
2014,3440000
1977,3400000
2005,8000000
2011,3500000
2008,3000000
2014,3300000
2002,3300000
1999,2200000
2012,3400000
2012,3800000
1983,4000000
2006,3300000
1982,4300000
2014,3300000
1999,2000000
1968,2300000
1962,3200000
2004,3000000
2010,3200000
2005,3200000
1978,3000000
1964,3000000
2012,3200000
1946,3180000
1996,3500000
2000,3000000
2010,3000000
1998,3000000
2002,4000000
1985,2200000
1985,3000000
2013,3000000
2012,3000000
2002,3000000
1958,3000000
1970,3000000
1997,3000000
2000,16000000
1986,3000000
1957,3000000
1990,3000000
1976,4490375
1960,3000000
1993,2500000
1966,6000000
2005,3000000
1985,3000000
2009,3000000
1960,3000000
1961,3000000
1948,3000000
2006,3000000
2013,3000000
1987,3000000
1988,3000000
2002,3000000
1999,1900000
2000,3000000
1996,3000000
1971,3000000
1993,3000000
1997,3000000
1978,3000000
2001,4500000
1999,3500000
1996,3300000
2005,3000000
1998,3000000
2003,3000000
2014,3000000
2003,3000000
2010,3500000
2011,3000000
2016,3000000
1996,3000000
2006,3000000
2012,3000000
2012,3000000
2014,25000000
2004,2700000
2011,3000000
2009,5000000
1999,3000000
2011,3000000
2015,3000000
2005,3000000
2010,200000000
2009,3000000
2009,3000000
2013,3000000
2013,3000000
2011,3000000
1967,3000000
2009,3000000
2013,800000
2014,3000000
2015,3000000
1988,3000000
2015,95000000
2009,3000000
1998,2900000
1961,2900000
2015,3000000
2005,1500000
2014,3000000
2010,3000000
1976,2800000
2003,2200000
2015,3000000
2005,8000000
1959,2883848
1988,2800000
1939,2800000
1974,2800000
2007,2000000
2006,120000000
1997,2700000
1979,2700000
2015,3000000
1963,2686585
1996,2650000
1943,2627000
1974,2600000
1984,1800000
1987,2600000
2006,2800000
1999,34000000
2007,2600000
2009,15000000
2007,2600000
1952,2540800
2010,2500000
2013,2500000
2012,2500000
2009,15000000
1996,26000000
1982,2500000
1971,2500000
1963,2500000
2013,2500000
1991,2500000
2004,2500000
1995,2500000
2003,3200000
1999,2500000
2012,2500000
2003,2000000
2013,2500000
1990,34000
2008,2500000
2008,2500000
2006,2500000
2004,20000000
2006,2500000
2010,2500000
2008,14000000
2000,8400000
2008,2500000
2010,2500000
2010,2500000
2015,2500000
2016,3500000
1996,2400000
2006,2400000
2015,2500000
2006,1500000
2012,2500000
1944,2361000
2011,2450000
1951,2295429
1987,2300000
1940,2280000
1971,1800000
2014,2500000
1982,4000000
1985,2200000
2007,2200000
2015,2300000
2008,2200000
1945,2160000
2005,1200000
2014,2400000
2007,2500000
1946,2100000
2001,15500000
2015,2100000
2007,1500000
2010,2100000
2015,2100000
2015,2100000
1963,2000000
1989,2300000
1973,2000000
2014,2000000
1972,2000000
1962,2000000
1981,2000000
1994,2000000
1962,2000000
1999,2000000
2011,2000000
2006,2000000
2011,2000000
1961,2000000
1940,1614000
2003,9500000
1998,2000000
2004,2700000
2000,2000000
2003,1500000
1947,2000000
2010,2000000
1938,2000000
2005,2000000
2015,2000000
2005,2000000
2015,2000000
2002,2000000
1986,2000000
1996,18000000
2006,2000000
2008,1500000
2003,2000000
2007,2000000
2015,2000000
2007,2000000
2005,2000000
2010,3400000
1985,17000000
2004,6000000
1998,2000000
2009,3800000
2015,13500000
2009,1500000
1993,2000000
2005,14000
2006,2000000
2002,25000000
2008,2000000
2004,2000000
2011,100000
2010,2000000
2015,2000000
1971,2000000
2007,2000000
1947,2300000
2008,2000000
2002,14000000
2012,2000000
2013,2000000
2012,2000000
2013,2000000
1966,2000000
2007,2000000
2011,2000000
2015,1250000
2015,2000000
2015,2000000
1986,1900000
2003,1900000
2015,1950000
2010,3000000
2013,1500000
2006,1400000
2013,30000000
1984,1800000
2008,1000000
2015,1900000
2010,1800000
1951,1800000
1964,1800000
2002,1800000
2012,1800000
1973,1800000
2000,1800000
2015,150000000
2011,1500000
1993,1800000
2003,1800000
1968,1800000
2007,1800000
2013,1800000
2012,1800000
1998,3500000
2002,500000
2013,2000000
2013,1750000
1972,1700000
2001,1700000
2010,2000000
1999,1700000
2004,1700000
2013,1000000
2004,1000000
1938,1644736
1953,1650000
1949,1600000
1999,2000000
2007,1300000
2006,1500000
1974,1600000
2005,70000000
1969,1600000
2003,1650000
2004,26000000
2007,2000000
1988,1100000
1939,1500000
1995,1500000
2005,1500000
2001,1000000
2016,17000000
1945,1696377
1994,2000000
1998,1500000
2010,1500000
1984,1500000
2000,1500000
2005,1500000
2013,1500000
1993,1500000
2001,1500000
2014,1500000
2001,1500000
2006,1500000
2006,1500000
1936,1500000
2002,1500000
2007,1500000
2005,1500000
2015,1500000
2005,1500000
2010,1700000
2008,1500000
2008,2000000
2015,1500000
2012,2500000
2014,350000
2005,1500000
2005,1500000
2013,1500000
2014,5000000
2014,1500000
2015,2000000
2015,1500000
2012,60000000
2015,1500000
2015,2000000
1937,2000000
2004,1400000
1968,1455000
2004,1400000
2016,2000000
2014,3150000
2014,1400000
1966,1377800
1998,960000
1982,1250000
1998,1300000
1996,1300000
2006,1592000
1999,1300000
2012,1500000
1998,60000000
2014,1400000
1985,1750000
2003,1000000
2005,1500000
2010,1300000
2009,1300000
1940,1288000
1981,1250000
1945,1250000
1984,1250000
2012,427000
2011,15000000
1953,1250000
1941,1250000
2014,1420000
1989,1200000
2004,1200000
2001,1200000
2014,1300000
2013,1300000
2008,80000000
2001,7000000
2000,1200000
1955,1200000
2006,27000000
1999,1200000
2013,1200000
1992,1200000
1966,1200000
2015,4000000
2012,1200000
2001,1200000
2011,1200000
2007,1200000
2011,1500000
2013,1200000
1936,1200000
2011,1200000
2012,1200000
1993,2600000
1970,1200000
2015,1200000
2015,1200000
2005,3000000
2004,695393
1987,1100000
2002,1600000
2006,10000000
2010,1100000
2011,1100000
2010,1100000
2013,1100000
1942,950000
2008,1400000
1972,1000000
1976,960000
2014,1100000
1980,1000000
1963,1000000
2014,1000000
1976,1300000
1981,1000000
1962,1100000
2012,1000000
1987,1000000
2016,5000000
2005,1000000
1999,1000000000
2010,3500000
2005,1000000
2012,1000000
1970,900000
1956,1000000
1949,1000000
2013,6000000
2015,1100000
2012,1000000
1998,1000000
2007,7500000
2008,1000000
2013,1000000
1997,1000000
1996,1000000
1997,3500000
2006,1000000
2000,1000000
2002,1000000
2015,58000000
1998,1000000
2001,1000000
2000,1000000
1981,11000000
1997,1000000
2003,2500000
1997,1000000
2002,1000000
2000,1000000
2006,1000000
2003,1000000
2009,65000000
2012,1000000
2007,1000000
2006,1000000
2013,1000000
2014,1000000
2012,1000000
2005,1500000
2009,900000
2010,500000
1998,1000000
1999,1000000
2000,1000000
2009,1000000
2006,1000000
2015,1000000
2006,1000000
2005,1000000
2006,1000000
2001,1500000
2013,1000000
2015,1000000
2006,1000000
2014,1000000
2006,1000000
2009,1000000
2004,1000000
2008,1000000
2009,500000
2012,1000000
2011,1000000
2009,1000000
2014,1000000
2012,1000000
2006,1000000
2014,1000000
2015,1000000
2013,1000000
2014,1000000
2013,20000000
2013,950000
2014,950000
2007,989000
2014,913000
1954,910000
2011,930000
2007,590000
2015,3000000
2005,950000
2005,900000
2013,900000
2012,900000
2007,850000
2013,15000000
2003,850000
2011,900000
2013,1000000
2012,850000
2002,825000
2006,500000
2015,990000
2015,100000
2011,500000
1995,800000
1993,800000
2002,800000
2008,850000
2004,800000
1999,800000
2003,800000
2014,600000
2009,800000
2003,780000
1973,777000
2006,750000
2007,750000
2012,750000
2011,500000
2011,750000
2009,16000000
1970,750000
2002,750000
2008,900000
2006,750000
2009,750000
1952,750000
1994,700000
2001,700000
2014,1000000
2005,207000000
2005,30000000
2006,700000
1998,700000
1997,650000
2015,750000
2009,400000
2014,650000
2012,650000
2013,625000
2015,700000
1935,609000
1999,60000
1970,600000
1977,650000
2000,600000
2007,600000
1998,600000
2015,400000
2002,750000
2014,600000
2013,600000
1964,560000
2011,560000
1983,550000
2015,500000
2008,500000
2013,550000
1974,500000
2003,500000
1977,500000
2003,500000
2009,1000000
1999,500000
2002,500000
2003,46000
2011,500000
2000,500000
2003,500000
1999,500000
2004,500000
1997,500000
2001,500000
2002,500000
2005,500000
2012,500000
1954,2000000
2012,500000
1991,500000
2007,500000
2010,500000
2015,135000000
2007,500000
2002,500000
2010,500000
2007,500000
2012,500000
2006,3000000
2006,500000
2000,100000
2005,500000
2014,500000
2012,500000
2002,12000000
2011,500000
2012,500000
2016,150000
2016,500000
2016,500000
2014,500000
2016,500000
2013,215000000
1984,475000
1991,450000
2002,2000000
2015,500000
2005,450000
2006,500000
2013,450000
1933,439000
2014,450000
1990,225000
2004,25000000
2004,400000
2013,1066167
2007,15000
1975,229575
2006,400000
2003,100000
2003,218
2010,400000
2014,500000
1981,400000
2008,35000000
2005,500000
1985,650000
2004,900000
1972,400000
1916,385907
1997,375000
1929,379000
1981,375000
2012,6000000
2015,450000
2005,1750211
1987,350000
2015,350000
1978,300000
1957,350000
1934,325000
1999,312000
1995,8000000
1996,300000
2003,300000
2006,300000
2008,200000
2010,300000
1965,300000
2001,300000
1964,160000
1997,300000
2004,200000
2009,350000
2007,45000000
1975,300000
2014,300000
2010,300000
2015,500000
1981,250000
2011,300000
2012,270000
1997,250000
2001,250000
2010,290000
2002,250000
1995,250000
2000,250000
2001,250000
2014,300000
1997,365000
1996,250000
1997,250000
2004,150000
2011,250000
2015,300000
1999,250000
2013,250000
1997,250000
2010,250000
2010,250000
2013,250000
2012,250000
2014,250000
2014,250000
1925,245000
2006,240000
2013,250000
2015,250000
2012,225000
2000,225000
1969,100000
1953,210000
1954,5000000
1979,200000
1996,200000
1964,200000
1933,200000
2004,200000
2010,200000
2012,200000
2002,200000
2008,200000
2013,30000000
2003,200000
2015,250000
2010,13000000
2004,150000
2007,200000
2006,200000
2004,200000
2008,2500000
2012,200000
2012,200000
1997,180000
2011,120000
1986,175000
2014,180000
2015,168000
2011,100000
1971,500000
2014,200000
2000,150000
2007,180000
1999,1200000
2009,160000
1974,83532
1965,150000
2015,150000
2013,150000
2014,150000
1989,160000
1982,18000000
2014,125000
2013,125000
2005,120000
2011,125000
2015,125000
2007,120000
2007,120000
1968,114000
1964,120000
2016,10000000
2003,103000
2006,100000
2015,100000
1977,20000
1920,100000
1987,100000
1979,100000
2001,40000
2014,20000
2013,200000
2012,100000
2007,1800000
2013,100000
2014,100000
2009,15000000
2004,70000
1998,60000
1998,60000
2015,75000
2004,65000
2011,60000
2014,70000
1962,62000
2014,100000
2011,70000
1995,25000
2010,65000
2012,60000
2015,50000
2005,50000
2013,50000
2014,4000000
2014,50000
2013,42000
2013,45000
2000,42000
1999,40000
2014,75000
2011,40000
2012,50000
2007,30000
2013,60000
1994,230000
1971,27000
1997,25000
2014,35000000
2002,24000
1991,23000
2015,25000
2013,22000
2003,20000
2011,17350
2005,15000
2014,15000
2009,15000
2011,20000
1972,10000
2004,4500
2000,10000
2007,10000
1997,1000000
2012,200000
2004,7000
2005,7000
1992,7000
2005,3250
2011,9000
2013,1400
2004,1100
